zip_code,median_household_income,vehicle_count,P1_001N,vehicle_per_person
98001,88962.0,930.0,36073.0,0.02578105508274887
98002,59097.0,355.0,38474.0,0.00922701044861465
98003,59560.0,722.0,51751.0,0.013951421228575293
98004,142173.0,3257.0,39136.0,0.08322260834014718
98005,135225.0,1597.0,20961.0,0.07618911311483231
98006,156382.0,3419.0,40871.0,0.08365344620880331
98007,101847.0,1168.0,29476.0,0.039625457999728594
98008,131952.0,1795.0,26518.0,0.06768987103099781
98010,125652.0,464.0,5699.0,0.08141779259519213
98011,103421.0,1421.0,27897.0,0.05093737677886511
98012,118544.0,4087.0,74956.0,0.05452532152195955
98014,118808.0,424.0,7651.0,0.055417592471572345
98019,142064.0,705.0,12284.0,0.05739172907847607
98020,95682.0,959.0,20236.0,0.047390788693417674
98021,129215.0,2376.0,34001.0,0.06988029763830475
98022,90223.0,423.0,22874.0,0.01849261169887208
98023,82566.0,1064.0,51713.0,0.02057509717092414
98024,158168.0,313.0,5141.0,0.06088309667379887
98026,98415.0,1389.0,38610.0,0.03597513597513598
98027,121620.0,1921.0,29089.0,0.06603870879026436
98028,115093.0,1250.0,23914.0,0.052270636447269384
98029,134424.0,2241.0,31432.0,0.07129676762534996
98030,71014.0,747.0,38933.0,0.019186808106233785
98031,82241.0,1244.0,43055.0,0.02889327604227151
98032,62620.0,771.0,38744.0,0.019899855461490812
98033,137378.0,3590.0,41763.0,0.0859612575724924
98034,100955.0,2767.0,51464.0,0.0537657391574693
98036,82684.0,1400.0,42248.0,0.03313766332134065
98037,82667.0,964.0,29584.0,0.03258518117901568
98038,114804.0,1863.0,37487.0,0.04969722837250247
98039,185163.0,371.0,2915.0,0.12727272727272726
98040,150506.0,2678.0,25748.0,0.10400807829734349
98042,105166.0,1582.0,49031.0,0.032265301543921196
98043,80738.0,569.0,21285.0,0.02673244068592906
98045,111767.0,850.0,15749.0,0.05397168074163439
98047,64942.0,90.0,6966.0,0.012919896640826873
98050,142316.0,2.0,223.0,0.008968609865470852
98051,94453.0,115.0,3802.0,0.030247238295633878
98052,136208.0,5405.0,77176.0,0.07003472582149892
98053,151525.0,2050.0,22523.0,0.09101807041690717
98055,80586.0,766.0,24458.0,0.03131899582958541
98056,95074.0,1484.0,36344.0,0.040832049306625574
98057,57598.0,1208.0,13493.0,0.08952790335729638
98058,92216.0,1525.0,43630.0,0.034953013981205594
98059,109565.0,2379.0,41672.0,0.05708869264734114
98065,150015.0,1009.0,16292.0,0.06193223668057943
98068,97607.0,35.0,530.0,0.0660377358490566
98070,78368.0,741.0,11055.0,0.06702849389416554
98072,127724.0,2847.0,24939.0,0.11415854685432456
98074,196146.0,2959.0,30534.0,0.09690836444619114
98075,188500.0,2462.0,26022.0,0.09461225117208516
98077,160441.0,85.0,13522.0,0.006286052359118474
98087,87320.0,1369.0,40711.0,0.03362727518361131
98092,96121.0,1264.0,50258.0,0.025150224839826495
98101,91550.0,721.0,16237.0,0.04440475457288908
98102,97374.0,929.0,25066.0,0.03706215590840182
98103,105480.0,2542.0,53056.0,0.047911640530759955
98104,58018.0,902.0,16157.0,0.05582719564275546
98105,67449.0,1724.0,49151.0,0.03507558340623792
98106,74608.0,934.0,26295.0,0.035520060848069974
98107,102436.0,1224.0,28557.0,0.04286164513079105
98108,62530.0,842.0,25009.0,0.03366787956335719
98109,107330.0,1593.0,34551.0,0.0461057567074759
98110,125861.0,2015.0,24825.0,0.0811681772406848
98112,122388.0,1692.0,23152.0,0.0730822391154112
98115,117038.0,3182.0,54322.0,0.05857663561724531
98116,121967.0,1359.0,27691.0,0.04907731753999495
98117,131508.0,2081.0,35608.0,0.05844192316333408
98118,85541.0,1834.0,47504.0,0.038607275176827216
98119,93014.0,1048.0,26238.0,0.03994206875524049
98121,118270.0,959.0,21411.0,0.04479006118350381
98122,81308.0,1516.0,41646.0,0.036402055419488065
98125,78263.0,1660.0,42965.0,0.038636099150471316
98126,84934.0,967.0,23727.0,0.04075525772326885
98133,73702.0,1669.0,50720.0,0.03290615141955836
98134,71607.0,608.0,1216.0,0.5
98136,123042.0,897.0,16424.0,0.05461519727228446
98144,87098.0,1453.0,32178.0,0.0451550748958916
98146,80633.0,776.0,28845.0,0.026902409429710523
98148,70050.0,704.0,11092.0,0.06346916696718355
98155,107109.0,1514.0,35948.0,0.04211639034160454
98164,240573.0,1.0,176.0,0.005681818181818182
98166,87882.0,729.0,22152.0,0.03290899241603467
98168,66237.0,874.0,36389.0,0.024018247272527413
98177,125036.0,1298.0,20160.0,0.06438492063492063
98178,84820.0,747.0,26122.0,0.02859658525380905
98188,64206.0,3257.0,27851.0,0.11694373631108398
98198,66938.0,671.0,38727.0,0.017326413096805847
98199,134709.0,1439.0,22549.0,0.06381657723180628
98201,59357.0,510.0,30421.0,0.01676473488708458
98203,80556.0,711.0,37491.0,0.018964551492358164
98204,57318.0,573.0,44810.0,0.01278732425797813
98205,97009.0,0.0,0.0,0.0
98208,90844.0,1423.0,60019.0,0.023709158766390643
98220,88446.0,10.0,612.0,0.016339869281045753
98221,77036.0,828.0,22853.0,0.036231566971513585
98222,96458.0,0.0,41.0,0.0
98223,83116.0,687.0,45139.0,0.015219654843926539
98224,46250.0,6.0,298.0,0.020134228187919462
98225,53093.0,1251.0,49078.0,0.02549003626879661
98226,67142.0,1098.0,47011.0,0.023356235774605945
98229,75099.0,1226.0,33664.0,0.036418726235741446
98230,69060.0,493.0,18754.0,0.026287725285272474
98232,88551.0,122.0,4053.0,0.030101159634838393
98233,65336.0,272.0,16034.0,0.016963951602843957
98236,85943.0,258.0,6157.0,0.04190352444372259
98237,58063.0,46.0,4304.0,0.010687732342007435
98239,71121.0,270.0,7394.0,0.03651609413037598
98240,80474.0,34.0,3118.0,0.010904425914047467
98241,45089.0,14.0,2344.0,0.005972696245733789
98243,72560.0,3.0,340.0,0.008823529411764706
98244,42324.0,58.0,3134.0,0.018506700701978303
98245,55160.0,331.0,4372.0,0.07570905763952425
98247,61213.0,101.0,9067.0,0.01113929634939892
98248,71164.0,444.0,26784.0,0.016577060931899642
98249,76614.0,222.0,5056.0,0.043908227848101264
98250,71567.0,479.0,8632.0,0.055491195551436515
98251,73293.0,81.0,5071.0,0.015973180832183003
98252,84257.0,184.0,10645.0,0.01728511038046031
98253,81165.0,99.0,2037.0,0.048600883652430045
98255,29375.0,2.0,213.0,0.009389671361502348
98257,70278.0,115.0,4467.0,0.02574434743675845
98258,96165.0,1809.0,51995.0,0.03479180690451005
98260,86027.0,299.0,5844.0,0.05116358658453114
98261,63143.0,151.0,2752.0,0.05486918604651163
98262,75294.0,50.0,934.0,0.05353319057815846
98263,97813.0,2.0,186.0,0.010752688172043012
98264,72397.0,294.0,23170.0,0.012688821752265862
98266,35274.0,38.0,4097.0,0.009275079326336344
98270,84957.0,1179.0,51969.0,0.02268660162789355
98271,83047.0,486.0,32068.0,0.015155294998128977
98272,95190.0,982.0,31127.0,0.03154817361133421
98273,64699.0,428.0,31243.0,0.013699068591364466
98274,79127.0,376.0,18949.0,0.019842735764420288
98275,102818.0,937.0,21642.0,0.04329544404398854
98276,73583.0,14.0,1434.0,0.009762900976290097
98277,61373.0,598.0,41517.0,0.014403738227713948
98279,54107.0,47.0,651.0,0.07219662058371736
98280,62500.0,3.0,474.0,0.006329113924050633
98281,52692.0,72.0,1191.0,0.060453400503778336
98282,85811.0,556.0,17356.0,0.032035031113159716
98283,75165.0,2.0,473.0,0.004228329809725159
98284,69994.0,303.0,27293.0,0.011101747700875682
98286,66667.0,16.0,253.0,0.06324110671936758
98288,50625.0,8.0,344.0,0.023255813953488372
98290,104091.0,1119.0,37535.0,0.029812175303050487
98292,84489.0,543.0,24098.0,0.022532990289650594
98294,69458.0,242.0,7494.0,0.03229250066720043
98295,80121.0,18.0,2899.0,0.006209037599172128
98296,143106.0,1377.0,27713.0,0.04968787211777866
98297,31875.0,3.0,142.0,0.02112676056338028
98303,62440.0,48.0,1302.0,0.03686635944700461
98304,55556.0,22.0,810.0,0.027160493827160494
98310,58636.0,313.0,21580.0,0.014504170528266913
98311,80439.0,458.0,28059.0,0.016322748494244272
98312,68195.0,799.0,33405.0,0.02391857506361323
98315,66736.0,26.0,5482.0,0.0047427946005107625
98320,50711.0,28.0,1341.0,0.020879940343027592
98321,102135.0,304.0,16924.0,0.017962656582368234
98323,84038.0,12.0,877.0,0.013683010262257697
98325,49313.0,36.0,1837.0,0.0195971692977681
98326,40753.0,2.0,1374.0,0.001455604075691412
98327,93405.0,237.0,10222.0,0.023185286636666014
98328,90636.0,155.0,10727.0,0.014449519903048382
98329,95769.0,278.0,10960.0,0.025364963503649637
98331,40513.0,20.0,5952.0,0.003360215053763441
98332,102352.0,900.0,20704.0,0.04346986089644513
98333,125547.0,245.0,3921.0,0.06248406018872737
98335,109031.0,1180.0,27307.0,0.04321236313033288
98336,64712.0,6.0,906.0,0.006622516556291391
98337,55433.0,123.0,9653.0,0.012742152698642909
98338,83394.0,434.0,30147.0,0.01439612565097688
98339,53239.0,53.0,3805.0,0.01392904073587385
98340,64750.0,85.0,2707.0,0.03140007388252678
98342,72955.0,61.0,1571.0,0.03882877148313176
98345,47650.0,11.0,576.0,0.019097222222222224
98346,95103.0,321.0,10402.0,0.030859450105748896
98349,73308.0,116.0,5000.0,0.0232
98350,35000.0,0.0,404.0,0.0
98351,51109.0,26.0,1330.0,0.019548872180451128
98354,76582.0,127.0,8264.0,0.01536786060019361
98356,42386.0,20.0,2179.0,0.009178522257916476
98357,48250.0,10.0,1708.0,0.00585480093676815
98358,57083.0,55.0,995.0,0.05527638190954774
98359,82870.0,119.0,5358.0,0.022209779768570363
98360,89732.0,186.0,15332.0,0.012131489694756066
98361,41763.0,26.0,1000.0,0.026
98362,53743.0,357.0,23571.0,0.015145729922362225
98363,60147.0,201.0,14086.0,0.01426948743433196
98365,74818.0,196.0,5058.0,0.0387504942665085
98366,70330.0,606.0,36969.0,0.016392112310314046
98367,88722.0,751.0,30981.0,0.02424066363254898
98368,56141.0,723.0,16567.0,0.04364097301865154
98370,85299.0,910.0,32857.0,0.02769577259031561
98371,81699.0,530.0,23965.0,0.02211558522845817
98372,81776.0,477.0,26652.0,0.017897343538946422
98373,79943.0,391.0,28165.0,0.013882478253151073
98374,88882.0,909.0,45367.0,0.020036590473251483
98375,89202.0,457.0,33316.0,0.013717132909112738
98376,67773.0,57.0,2130.0,0.02676056338028169
98377,39229.0,5.0,2103.0,0.0023775558725630053
98380,95443.0,115.0,5297.0,0.02171040211440438
98381,80952.0,6.0,318.0,0.018867924528301886
98382,56392.0,711.0,30505.0,0.02330765448287166
98383,88893.0,418.0,21565.0,0.019383259911894272
98385,88625.0,3.0,455.0,0.006593406593406593
98387,80272.0,531.0,51630.0,0.010284718187100523
98388,85083.0,185.0,7096.0,0.026071025930101466
98390,70374.0,252.0,11727.0,0.021488871834228703
98391,104406.0,1696.0,56427.0,0.030056533219912453
98392,69583.0,77.0,3092.0,0.024902975420439843
98394,106190.0,27.0,1194.0,0.022613065326633167
98396,82031.0,5.0,649.0,0.007704160246533128
98402,57083.0,161.0,8053.0,0.019992549360486774
98403,61863.0,190.0,8341.0,0.022779043280182234
98404,57813.0,376.0,35172.0,0.01069032184692369
98405,60255.0,341.0,24617.0,0.01385221594832839
98406,82732.0,500.0,22768.0,0.02196064652143359
98407,86594.0,705.0,21931.0,0.032146276959554965
98408,58961.0,242.0,20566.0,0.011766994067879023
98409,57922.0,357.0,27840.0,0.012823275862068965
98418,60649.0,134.0,10371.0,0.012920644103750843
98422,97106.0,694.0,21343.0,0.032516515953708476
98424,78243.0,211.0,12132.0,0.017392021101219915
98433,44064.0,143.0,20814.0,0.006870375708657634
98439,38415.0,165.0,5474.0,0.030142491779320425
98443,95851.0,93.0,5733.0,0.016221873364730507
98444,52589.0,276.0,36885.0,0.007482716551443677
98445,70241.0,345.0,33927.0,0.010168892032894155
98446,85875.0,182.0,12800.0,0.01421875
98465,59163.0,137.0,7524.0,0.018208399787347156
98466,74179.0,682.0,29769.0,0.022909738318384897
98467,76904.0,383.0,16512.0,0.023195251937984496
98498,72711.0,487.0,29982.0,0.01624307918084184
98499,50037.0,359.0,33188.0,0.010817162829938533
98501,78324.0,2388.0,45274.0,0.05274550514644167
98502,74031.0,1070.0,35698.0,0.02997366799260463
98503,66021.0,732.0,40346.0,0.0181430625092946
98506,76835.0,600.0,19198.0,0.03125325554745286
98512,78845.0,709.0,31422.0,0.0225638087963847
98513,87145.0,760.0,36059.0,0.021076568956432513
98516,83249.0,898.0,29443.0,0.030499609414801482
98520,50022.0,200.0,24086.0,0.00830357884248111
98524,93894.0,89.0,3551.0,0.025063362433117433
98526,55417.0,3.0,276.0,0.010869565217391304
98527,39375.0,1.0,332.0,0.0030120481927710845
98528,60415.0,173.0,11052.0,0.015653275425262396
98530,50417.0,4.0,641.0,0.0062402496099844
98531,45972.0,396.0,26669.0,0.014848700738685366
98532,66685.0,266.0,25572.0,0.010402002189895197
98533,53894.0,8.0,558.0,0.014336917562724014
98537,60735.0,20.0,2181.0,0.009170105456212746
98538,52813.0,7.0,425.0,0.01647058823529412
98541,52029.0,80.0,10509.0,0.007612522599676467
98542,53250.0,8.0,668.0,0.011976047904191617
98546,75707.0,77.0,3013.0,0.02555592432791238
98547,42532.0,14.0,1433.0,0.009769713886950453
98548,51198.0,55.0,2375.0,0.023157894736842106
98550,46622.0,68.0,11502.0,0.005912015301686663
98552,48947.0,0.0,196.0,0.0
98555,56000.0,11.0,586.0,0.01877133105802048
98557,57589.0,47.0,3695.0,0.012719891745602166
98560,86467.0,0.0,154.0,0.0
98563,63328.0,102.0,8235.0,0.01238615664845173
98564,45109.0,33.0,2581.0,0.012785741960480435
98565,58611.0,8.0,448.0,0.017857142857142856
98568,60179.0,27.0,2768.0,0.009754335260115607
98569,47399.0,163.0,6964.0,0.023406088454910972
98570,65161.0,41.0,4489.0,0.00913343729115616
98572,63523.0,3.0,795.0,0.0037735849056603774
98575,63958.0,2.0,129.0,0.015503875968992248
98576,69033.0,75.0,5388.0,0.013919821826280624
98577,59603.0,54.0,6708.0,0.008050089445438283
98579,77108.0,140.0,13648.0,0.010257913247362251
98580,80864.0,156.0,12164.0,0.012824728707661954
98581,29960.0,2.0,421.0,0.004750593824228029
98583,41964.0,1.0,144.0,0.006944444444444444
98584,60388.0,507.0,39266.0,0.012911933988692507
98585,53125.0,9.0,826.0,0.010895883777239709
98586,45446.0,7.0,1981.0,0.0035335689045936395
98587,39821.0,6.0,1186.0,0.00505902192242833
98588,60781.0,37.0,1970.0,0.018781725888324875
98589,70040.0,115.0,8091.0,0.01421332344580398
98590,90898.0,8.0,376.0,0.02127659574468085
98591,64919.0,42.0,4419.0,0.009504412763068567
98592,68371.0,61.0,2090.0,0.029186602870813396
98593,46850.0,11.0,1185.0,0.009282700421940928
98595,53750.0,35.0,2995.0,0.011686143572621035
98596,64896.0,76.0,6990.0,0.010872675250357653
98597,73664.0,371.0,27233.0,0.013623177762273711
98601,85000.0,23.0,3312.0,0.006944444444444444
98602,36250.0,0.0,250.0,0.0
98603,61875.0,22.0,1018.0,0.021611001964636542
98604,86980.0,720.0,38245.0,0.01882599032553275
98605,71458.0,11.0,1267.0,0.008681925808997633
98606,105417.0,364.0,9868.0,0.03688690717470612
98607,109621.0,1949.0,35054.0,0.05559993153420437
98610,58574.0,27.0,3017.0,0.008949287371561154
98611,64829.0,104.0,10165.0,0.010231185440236105
98612,56250.0,58.0,3032.0,0.01912928759894459
98613,68500.0,4.0,543.0,0.007366482504604052
98614,40323.0,3.0,651.0,0.004608294930875576
98616,64250.0,2.0,200.0,0.01
98617,57772.0,13.0,1183.0,0.01098901098901099
98619,48889.0,1.0,465.0,0.002150537634408602
98620,48522.0,38.0,7655.0,0.00496407576747224
98621,61979.0,3.0,253.0,0.011857707509881422
98624,51786.0,19.0,1305.0,0.014559386973180077
98625,92770.0,148.0,7413.0,0.019964926480507218
98626,59058.0,228.0,26291.0,0.008672169183370736
98628,35125.0,1.0,356.0,0.0028089887640449437
98629,100275.0,239.0,9586.0,0.024932192781139163
98631,46186.0,54.0,3704.0,0.014578833693304536
98632,51188.0,414.0,50721.0,0.008162299639202697
98635,50134.0,32.0,1865.0,0.017158176943699734
98638,49929.0,21.0,1555.0,0.013504823151125401
98639,73145.0,14.0,1397.0,0.010021474588403722
98640,49600.0,84.0,5140.0,0.01634241245136187
98642,97288.0,1153.0,23685.0,0.04868059953557104
98643,86458.0,3.0,403.0,0.007444168734491315
98644,24821.0,6.0,887.0,0.006764374295377677
98645,79821.0,31.0,1811.0,0.017117614577581448
98648,63750.0,57.0,3075.0,0.018536585365853658
98649,54087.0,6.0,1134.0,0.005291005291005291
98650,61964.0,34.0,1158.0,0.02936096718480138
98651,107188.0,37.0,872.0,0.04243119266055046
98660,50407.0,389.0,12735.0,0.03054574008637613
98661,59466.0,798.0,48983.0,0.01629136639242186
98662,71059.0,671.0,37134.0,0.018069693542306243
98663,62835.0,305.0,15188.0,0.020081643402686332
98664,67007.0,469.0,24120.0,0.019444444444444445
98665,69524.0,594.0,28780.0,0.020639332870048644
98670,25417.0,3.0,113.0,0.02654867256637168
98671,91505.0,711.0,24857.0,0.0286036126644406
98672,68594.0,232.0,7370.0,0.031478968792401626
98673,31250.0,1.0,371.0,0.0026954177897574125
98674,75487.0,233.0,14415.0,0.016163718348942074
98675,78047.0,67.0,7688.0,0.008714880332986473
98682,76299.0,1278.0,65434.0,0.01953113060488431
98683,71835.0,898.0,33884.0,0.026502183921614922
98684,71667.0,659.0,33659.0,0.019578715945215246
98685,106059.0,960.0,29797.0,0.03221800852434809
98686,86543.0,704.0,21462.0,0.03280216196067468
98801,62595.0,543.0,44970.0,0.012074716477651768
98802,71093.0,349.0,32378.0,0.010778923960714065
98811,89609.0,0.0,76.0,0.0
98812,47717.0,24.0,5161.0,0.004650261577213718
98813,48500.0,3.0,2769.0,0.0010834236186348862
98814,53298.0,6.0,525.0,0.011428571428571429
98815,61672.0,95.0,7804.0,0.012173244490005125
98816,56582.0,199.0,7067.0,0.02815904910145748
98817,71279.0,2.0,366.0,0.00546448087431694
98819,28333.0,1.0,280.0,0.0035714285714285713
98821,112318.0,1.0,434.0,0.002304147465437788
98822,47000.0,28.0,2253.0,0.012427873945849977
98823,70472.0,100.0,12393.0,0.008069071249899137
98824,40313.0,0.0,160.0,0.0
98826,61470.0,299.0,7280.0,0.04107142857142857
98827,65110.0,0.0,337.0,0.0
98828,69362.0,28.0,2419.0,0.011575031004547334
98829,36607.0,0.0,716.0,0.0
98830,51771.0,4.0,531.0,0.007532956685499058
98831,52070.0,94.0,3955.0,0.02376738305941846
98832,50625.0,2.0,349.0,0.0057306590257879654
98833,69615.0,25.0,240.0,0.10416666666666667
98834,61111.0,4.0,246.0,0.016260162601626018
98836,40653.0,0.0,515.0,0.0
98837,60793.0,414.0,46262.0,0.0089490294410099
98840,50788.0,7.0,4731.0,0.0014796026210103573
98841,48829.0,25.0,8984.0,0.0027827248441674086
98843,56168.0,67.0,2074.0,0.03230472516875603
98844,43306.0,26.0,4599.0,0.005653402913676886
98845,46875.0,2.0,138.0,0.014492753623188406
98846,66622.0,11.0,1074.0,0.010242085661080074
98847,52442.0,27.0,1885.0,0.014323607427055704
98848,64893.0,127.0,13392.0,0.009483273596176822
98849,44632.0,6.0,1220.0,0.004918032786885246
98850,52094.0,16.0,1964.0,0.008146639511201629
98851,47643.0,28.0,4472.0,0.006261180679785331
98855,38933.0,23.0,6115.0,0.0037612428454619788
98856,50625.0,57.0,2776.0,0.02053314121037464
98857,42591.0,12.0,3999.0,0.003000750187546887
98858,62645.0,6.0,1620.0,0.003703703703703704
98859,85500.0,0.0,230.0,0.0
98860,29583.0,0.0,259.0,0.0
98862,59349.0,116.0,2764.0,0.041968162083936326
98901,45062.0,164.0,32351.0,0.005069395072795277
98902,47283.0,198.0,47589.0,0.004160625354598752
98903,56754.0,122.0,17491.0,0.006975015722371506
98908,67016.0,402.0,38205.0,0.010522182960345504
98922,61071.0,286.0,6817.0,0.041953938682705
98923,40888.0,7.0,1281.0,0.00546448087431694
98925,57031.0,25.0,608.0,0.04111842105263158
98926,59415.0,359.0,32085.0,0.011189029141343306
98930,52145.0,47.0,15339.0,0.00306408501206076
98932,59208.0,9.0,5409.0,0.0016638935108153079
98933,63194.0,1.0,1292.0,0.0007739938080495357
98934,51364.0,9.0,1164.0,0.007731958762886598
98935,50956.0,10.0,4049.0,0.0024697456162015314
98936,78920.0,43.0,6846.0,0.006281040023371312
98937,67170.0,30.0,4423.0,0.006782726656115758
98938,60199.0,11.0,2112.0,0.005208333333333333
98939,33750.0,2.0,194.0,0.010309278350515464
98941,54917.0,25.0,988.0,0.025303643724696356
98942,70660.0,118.0,18511.0,0.006374588082761601
98943,47697.0,4.0,574.0,0.006968641114982578
98944,48041.0,79.0,22412.0,0.003524897376405497
98946,59000.0,7.0,488.0,0.014344262295081968
98947,51776.0,13.0,3133.0,0.004149377593360996
98948,53108.0,19.0,13416.0,0.0014162194394752535
98951,49238.0,24.0,13821.0,0.0017364879531148252
98952,47837.0,1.0,2347.0,0.00042607584149978694
98953,70689.0,42.0,6841.0,0.00613945329630171
99001,54489.0,45.0,8859.0,0.005079580088046055
99003,62477.0,43.0,5302.0,0.008110147114296492
99004,58343.0,195.0,23064.0,0.008454734651404786
99005,103420.0,160.0,10253.0,0.015605188725251146
99006,59400.0,85.0,13711.0,0.006199401940048137
99008,45208.0,4.0,634.0,0.006309148264984227
99009,60469.0,33.0,4096.0,0.008056640625
99011,60133.0,21.0,2695.0,0.007792207792207792
99012,59375.0,1.0,1018.0,0.0009823182711198428
99013,47500.0,5.0,1914.0,0.002612330198537095
99016,70635.0,319.0,18496.0,0.0172469723183391
99017,33750.0,1.0,167.0,0.005988023952095809
99018,50000.0,3.0,285.0,0.010526315789473684
99019,98453.0,293.0,12813.0,0.022867400296573793
99021,72160.0,94.0,9690.0,0.009700722394220845
99022,76775.0,74.0,8867.0,0.008345550919138378
99023,119107.0,6.0,685.0,0.008759124087591242
99025,73021.0,50.0,5272.0,0.009484066767830045
99026,81701.0,130.0,9347.0,0.013908205841446454
99027,63750.0,63.0,6556.0,0.009609517998779744
99029,77500.0,10.0,1785.0,0.0056022408963585435
99030,66375.0,5.0,1131.0,0.004420866489832007
99031,75653.0,12.0,1441.0,0.008327550312283136
99032,61484.0,3.0,773.0,0.0038809831824062097
99033,60368.0,4.0,954.0,0.0041928721174004195
99036,123664.0,31.0,1579.0,0.019632678910702975
99037,67189.0,189.0,15907.0,0.011881561576664361
99039,55769.0,1.0,121.0,0.008264462809917356
99040,34076.0,2.0,825.0,0.0024242424242424242
99101,58125.0,4.0,1517.0,0.0026367831245880024
99102,73800.0,1.0,544.0,0.001838235294117647
99103,80357.0,2.0,495.0,0.00404040404040404
99109,50953.0,26.0,5016.0,0.00518341307814992
99110,55341.0,5.0,1853.0,0.002698327037236913
99111,55696.0,29.0,4029.0,0.0071978158351948375
99113,62308.0,3.0,722.0,0.004155124653739612
99114,51875.0,65.0,12649.0,0.0051387461459403904
99115,54722.0,15.0,1227.0,0.012224938875305624
99116,58819.0,6.0,1476.0,0.0040650406504065045
99117,77643.0,1.0,472.0,0.00211864406779661
99118,46563.0,7.0,786.0,0.008905852417302799
99119,54565.0,10.0,1293.0,0.007733952049497293
99122,58482.0,24.0,3989.0,0.006016545500125345
99123,54493.0,6.0,1063.0,0.005644402634054563
99124,46875.0,1.0,244.0,0.004098360655737705
99125,44875.0,3.0,495.0,0.006060606060606061
99126,62672.0,8.0,900.0,0.008888888888888889
99129,37019.0,0.0,808.0,0.0
99130,59444.0,5.0,805.0,0.006211180124223602
99131,60179.0,2.0,144.0,0.013888888888888888
99133,41319.0,8.0,1476.0,0.005420054200542005
99134,35333.0,3.0,598.0,0.005016722408026756
99135,60000.0,2.0,288.0,0.006944444444444444
99136,32500.0,0.0,24.0,0.0
99137,36250.0,2.0,391.0,0.005115089514066497
99138,39107.0,2.0,1212.0,0.0016501650165016502
99139,65673.0,3.0,1178.0,0.0025466893039049238
99140,33958.0,0.0,479.0,0.0
99141,54957.0,34.0,5737.0,0.005926442391493812
99143,33229.0,1.0,602.0,0.0016611295681063123
99144,34583.0,0.0,26.0,0.0
99146,17292.0,0.0,81.0,0.0
99147,70208.0,4.0,236.0,0.01694915254237288
99148,60195.0,20.0,2324.0,0.008605851979345954
99149,37917.0,1.0,219.0,0.0045662100456621
99150,36125.0,0.0,373.0,0.0
99151,41058.0,0.0,215.0,0.0
99152,57188.0,1.0,177.0,0.005649717514124294
99153,37098.0,0.0,499.0,0.0
99154,104375.0,0.0,24.0,0.0
99155,30956.0,1.0,1257.0,0.0007955449482895784
99156,59333.0,50.0,8478.0,0.005897617362585515
99157,36131.0,1.0,683.0,0.0014641288433382138
99158,58846.0,5.0,595.0,0.008403361344537815
99159,53242.0,9.0,1424.0,0.006320224719101123
99160,22639.0,1.0,86.0,0.011627906976744186
99161,76625.0,27.0,1450.0,0.018620689655172412
99163,33977.0,329.0,34416.0,0.00955950720595072
99166,43730.0,12.0,3011.0,0.003985386914646297
99167,56818.0,4.0,794.0,0.005037783375314861
99169,52827.0,24.0,2487.0,0.009650180940892641
99170,54063.0,11.0,1135.0,0.009691629955947136
99171,57917.0,2.0,975.0,0.0020512820512820513
99173,43627.0,5.0,1892.0,0.002642706131078224
99176,44821.0,0.0,169.0,0.0
99179,71375.0,4.0,541.0,0.0073937153419593345
99180,47583.0,2.0,926.0,0.0021598272138228943
99181,52802.0,9.0,2057.0,0.004375303840544483
99185,71477.0,7.0,1374.0,0.005094614264919942
99201,27398.0,172.0,15716.0,0.010944260626113514
99202,47102.0,188.0,21969.0,0.008557512859028631
99203,78655.0,500.0,21072.0,0.02372817008352316
99204,41678.0,76.0,7000.0,0.010857142857142857
99205,56467.0,254.0,44036.0,0.005768007993459896
99206,61615.0,330.0,39842.0,0.008282716731087797
99207,42913.0,128.0,32059.0,0.00399263857263171
99208,65647.0,695.0,58531.0,0.011874049648904
99212,59643.0,398.0,21672.0,0.018364710225175343
99216,50586.0,178.0,28379.0,0.006272243560379154
99217,62906.0,155.0,19298.0,0.008031920406259717
99218,53125.0,137.0,15591.0,0.008787120774805977
99223,75933.0,547.0,34201.0,0.015993684395193122
99224,66936.0,468.0,24085.0,0.019431181233132654
99301,66678.0,740.0,85272.0,0.008678112393282672
99320,64547.0,85.0,10215.0,0.008321096426823299
99323,69828.0,19.0,3882.0,0.004894384337970119
99324,52403.0,80.0,10226.0,0.007823195775474282
99326,72959.0,13.0,6277.0,0.0020710530508204557
99328,65260.0,17.0,3620.0,0.004696132596685083
99330,65735.0,6.0,1061.0,0.005655042412818096
99333,80804.0,0.0,39.0,0.0
99335,51250.0,0.0,240.0,0.0
99336,52158.0,339.0,51127.0,0.006630547460246054
99337,77854.0,328.0,33458.0,0.009803335525135992
99338,117286.0,452.0,19117.0,0.023643877177381388
99341,58482.0,1.0,788.0,0.0012690355329949238
99343,55828.0,7.0,3206.0,0.002183406113537118
99344,53328.0,62.0,18948.0,0.0032721131517838295
99345,92500.0,2.0,159.0,0.012578616352201259
99346,63229.0,1.0,345.0,0.002898550724637681
99347,56298.0,3.0,2342.0,0.0012809564474807857
99348,64243.0,1.0,1685.0,0.0005934718100890207
99349,60500.0,36.0,7960.0,0.004522613065326633
99350,59536.0,88.0,13240.0,0.006646525679758308
99352,81471.0,797.0,35762.0,0.022286225602594932
99353,105115.0,286.0,17934.0,0.01594736255157801
99354,71546.0,345.0,24839.0,0.013889448045412455
99356,61042.0,0.0,290.0,0.0
99357,53654.0,24.0,4240.0,0.005660377358490566
99359,43438.0,0.0,155.0,0.0
99360,81029.0,8.0,1428.0,0.0056022408963585435
99361,68125.0,13.0,1908.0,0.006813417190775681
99362,60413.0,430.0,43249.0,0.009942426414483571
99371,56607.0,1.0,346.0,0.002890173410404624
99401,68672.0,0.0,286.0,0.0
99402,54250.0,13.0,1814.0,0.007166482910694598
99403,53663.0,77.0,20224.0,0.0038073575949367088
98504,0.0,64.0,0.0,inf
98940,0.0,54.0,933.0,0.05787781350482315
98571,0.0,29.0,483.0,0.060041407867494824
98421,0.0,27.0,1239.0,0.021791767554479417
98355,0.0,13.0,626.0,0.020766773162939296
98158,0.0,10.0,0.0,inf
98535,0.0,9.0,529.0,0.017013232514177693
98562,0.0,7.0,174.0,0.040229885057471264
98634,0.0,6.0,0.0,inf
98035,0.0,6.0,0.0,inf
98647,0.0,5.0,499.0,0.01002004008016032
98582,0.0,5.0,640.0,0.0078125
98330,0.0,4.0,76.0,0.05263157894736842
98124,0.0,4.0,0.0,inf
98344,0.0,4.0,0.0,inf
98256,0.0,3.0,446.0,0.006726457399103139
98235,0.0,3.0,436.0,0.006880733944954129
98438,0.0,3.0,582.0,0.005154639175257732
98641,0.0,3.0,204.0,0.014705882352941176
98314,0.0,3.0,991.0,0.0030272452068617556
98206,0.0,2.0,0.0,inf
98536,0.0,2.0,153.0,0.013071895424836602
98401,0.0,2.0,0.0,inf
98493,0.0,2.0,0.0,inf
98950,0.0,2.0,209.0,0.009569377990430622
98921,0.0,1.0,544.0,0.001838235294117647
98668,0.0,1.0,0.0,inf
99329,0.0,1.0,206.0,0.0048543689320388345
98509,0.0,1.0,0.0,inf
98544,0.0,1.0,68.0,0.014705882352941176
98267,0.0,1.0,545.0,0.001834862385321101
98417,0.0,1.0,0.0,inf
99251,0.0,1.0,1133.0,0.00088261253309797
99034,0.0,1.0,327.0,0.0030581039755351682
98305,0.0,1.0,481.0,0.002079002079002079
99322,0.0,1.0,234.0,0.004273504273504274
99121,0.0,1.0,135.0,0.007407407407407408
98416,0.0,1.0,1478.0,0.0006765899864682003
99128,0.0,1.0,315.0,0.0031746031746031746
98447,0.0,1.0,1053.0,0.000949667616334283
98853,0.0,1.0,79.0,0.012658227848101266
99321,0.0,1.0,669.0,0.0014947683109118087
98411,0.0,1.0,0.0,inf
98507,0.0,1.0,0.0,inf
